{"cameraMode":{"drawMode":0,"name":"Shaded","section":"Shading Mode"},"sceneLighting":false,"audioPlay":false,"sceneViewState":{"showFog":true,"showMaterialUpdate":true,"showSkybox":true,"showFlares":true,"showImageEffects":true,"showParticleSystems":true},"in2DMode":false,"pivot":{"x":0.17890167236328126,"y":0.9818930625915527,"z":2.9998722076416017},"rotation":{"x":-0.05699731782078743,"y":0.7222132682800293,"z":-0.05994516983628273,"w":-0.6867066025733948},"size":6.43353271484375,"orthographic":false}