{"cameraMode":{"drawMode":0,"name":"Shaded","section":"Shading Mode"},"sceneLighting":false,"audioPlay":false,"sceneViewState":{"showFog":true,"showMaterialUpdate":true,"showSkybox":true,"showFlares":true,"showImageEffects":true,"showParticleSystems":true},"in2DMode":false,"pivot":{"x":-0.4645214080810547,"y":0.5470385551452637,"z":0.1156536415219307},"rotation":{"x":-0.33776187896728518,"y":0.6177536845207214,"z":-0.33253201842308047,"w":-0.6274709701538086},"size":8.893038749694825,"orthographic":false}