{"cameraMode":{"drawMode":0,"name":"Shaded","section":"Shading Mode"},"sceneLighting":false,"audioPlay":false,"sceneViewState":{"showFog":true,"showMaterialUpdate":true,"showSkybox":true,"showFlares":true,"showImageEffects":true,"showParticleSystems":true},"in2DMode":false,"pivot":{"x":1.604506254196167,"y":0.9042679667472839,"z":0.031828027218580249},"rotation":{"x":-0.184590145945549,"y":0.6184651255607605,"z":-0.15253610908985139,"w":-0.7484385371208191},"size":1.3679704666137696,"orthographic":false}