{"cameraMode":{"drawMode":0,"name":"Shaded","section":"Shading Mode"},"sceneLighting":false,"audioPlay":false,"sceneViewState":{"showFog":true,"showMaterialUpdate":true,"showSkybox":true,"showFlares":true,"showImageEffects":true,"showParticleSystems":true},"in2DMode":false,"pivot":{"x":1.706979513168335,"y":1.1312263011932374,"z":-0.005125207826495171},"rotation":{"x":-0.12084019929170609,"y":0.5614593029022217,"z":-0.08331247419118881,"w":-0.814383327960968},"size":1.6679704189300538,"orthographic":false}